{
    "read_files": "( fastq/ERR188297_1.fastq, fastq/ERR188297_2.fastq )",
    "expected_format": "IU",
    "compatible_fragment_ratio": 0.9959315822706804,
    "num_compatible_fragments": 22043862,
    "num_assigned_fragments": 22133912,
    "num_consistent_mappings": 82101213,
    "num_inconsistent_mappings": 4138873,
    "strand_mapping_bias": 0.4961860185914671,
    "MSF": 0,
    "OSF": 21303,
    "ISF": 41363739,
    "MSR": 0,
    "OSR": 20494,
    "ISR": 40737474,
    "SF": 1912585,
    "SR": 1871447,
    "MU": 0,
    "OU": 0,
    "IU": 0,
    "U": 0
}
